id_servidor,num_beneficios,percentual_reativado,percentual_uf_coincidente,media_valor,media_tempo,fraude
0,202,3.9603960396039604,94.05940594059405,1988.2239446964675,10.192713321403193,False
1,200,4.5,85.0,2023.5391955934856,10.09246263722178,False
2,192,10.9375,86.45833333333334,2023.542482629389,9.962346974997846,True
3,219,2.28310502283105,89.95433789954338,2017.5403477538869,9.990829599939572,False
4,192,6.25,90.625,2014.7889047293636,10.269233168686387,False
5,194,3.0927835051546393,89.17525773195877,2033.6386475328895,10.001550831023973,False
6,181,3.867403314917127,95.58011049723757,2013.421115973308,9.966769511607751,False
7,211,5.213270142180095,88.15165876777252,1996.414865985958,10.089177767965955,False
8,187,6.417112299465241,91.97860962566845,2025.1323752595904,10.236881503585085,False
9,212,5.660377358490567,89.62264150943396,2033.356261044301,10.19931799139432,False
10,207,1.932367149758454,92.27053140096618,1991.1187634421892,10.218386680147157,False
11,195,4.615384615384616,87.6923076923077,2011.9274428481926,10.134578001122604,False
12,187,3.2085561497326207,87.70053475935828,1998.078235082455,10.100551977612016,False
13,194,6.701030927835052,89.69072164948454,2015.2093899439121,10.249078589526425,False
14,196,4.081632653061225,87.75510204081633,2000.1588045100864,9.873723914568524,False
15,209,3.827751196172249,88.51674641148325,2026.0894454383415,10.08979469847954,False
16,168,3.571428571428571,91.66666666666666,2036.3799527081846,10.017389790897568,False
17,204,6.372549019607843,91.17647058823529,2000.2357463724466,9.994057152054838,False
18,192,6.25,91.14583333333334,2015.5830599049532,9.915203025121793,False
19,199,4.522613065326634,89.44723618090453,2016.6965285775213,9.952934935419208,False
20,204,6.372549019607843,89.70588235294117,2040.4334022211672,10.191427371119898,False
21,218,4.587155963302752,88.9908256880734,1985.1234540086348,10.009669449131277,False
22,223,2.242152466367713,91.92825112107623,1997.5894195195538,9.99525823207399,False
23,179,6.145251396648044,90.5027932960894,2026.1432103137622,10.27233386109602,False
24,183,4.918032786885246,88.52459016393442,2006.145838854663,10.151341998691043,False
25,217,5.0691244239631335,94.47004608294931,2018.4538262248955,10.287477306260998,False
26,218,6.8807339449541285,89.90825688073394,2004.5551768682647,10.283676627608317,False
27,210,5.714285714285714,90.95238095238095,1994.5049031781457,9.96803086780778,False
28,214,5.14018691588785,89.7196261682243,2007.6246026218826,10.07183572605591,False
29,203,7.8817733990147785,88.17733990147784,2013.7911858363436,9.986552099873764,True
30,195,6.666666666666667,86.66666666666667,1992.5928121223467,10.108007571301842,False
31,204,5.392156862745098,91.17647058823529,1994.313286435422,10.017566477185213,False
32,200,4.0,92.5,2024.0770997262425,10.031464010579908,False
33,190,4.2105263157894735,91.05263157894737,1984.594130447757,10.131541915015745,False
34,201,3.9800995024875623,95.02487562189054,2012.2238090008032,10.035317003192782,False
35,196,3.571428571428571,88.77551020408163,2006.9007984372709,9.929417816591576,False
36,206,4.854368932038835,91.74757281553399,2023.213087875495,9.913819333019635,False
37,180,7.777777777777778,88.88888888888889,2025.0767257277,9.853324041293524,False
38,182,6.043956043956044,91.20879120879121,1998.8356272007204,10.119471288535411,False
39,209,5.263157894736842,87.08133971291866,1989.8030798390232,10.17585489940036,False
40,212,3.7735849056603774,88.20754716981132,1998.7351409084786,10.04198642597728,False
41,177,2.824858757062147,88.70056497175142,2018.712186942074,10.154466936421887,False
42,190,4.736842105263158,91.57894736842105,2024.7576403013188,10.218963509357387,False
43,195,7.179487179487179,93.33333333333333,2006.4444307054653,10.286244655848844,False
44,188,4.787234042553192,92.5531914893617,2011.715638497688,10.170345278366886,False
45,216,6.481481481481481,91.20370370370371,2019.2819058324876,9.925256270893058,False
46,204,6.862745098039216,90.68627450980392,2008.5586280577659,10.003285984354115,False
47,181,8.287292817679557,87.84530386740332,2026.3519908800936,10.144895595996479,True
48,172,2.9069767441860463,90.69767441860465,1995.0396607832654,9.98600457016219,False
49,195,5.128205128205128,87.17948717948718,2013.0984344919334,10.267858860161558,False
50,211,4.739336492890995,89.57345971563981,2036.4848292738072,9.971569130403681,False
51,196,5.1020408163265305,92.3469387755102,1999.9928180124891,10.144832158103322,False
52,195,4.102564102564102,93.84615384615384,2011.2411715366397,10.100193543413445,False
53,174,6.321839080459771,91.37931034482759,2002.3305660370481,10.168827702484974,False
54,183,7.103825136612022,91.80327868852459,1984.6775822260786,9.926563221776027,False
55,195,5.128205128205128,90.25641025641026,1982.6445705793076,10.204784825906298,False
56,199,5.025125628140704,87.93969849246231,2028.9805031701703,10.139235985570709,False
57,230,6.521739130434782,92.17391304347827,2015.3591350869722,10.149112700580698,False
58,183,6.557377049180328,87.97814207650273,2011.390745673173,10.130702203828005,False
59,195,4.102564102564102,87.17948717948718,2043.865405242991,9.974488807518062,False
60,203,4.433497536945813,88.17733990147784,1979.5498672407184,10.096466679159485,False
61,209,5.263157894736842,88.99521531100478,2030.5993136175882,9.99250489297593,False
62,190,2.631578947368421,84.21052631578947,2006.4953521173827,9.838378783841133,False
63,189,5.291005291005291,93.65079365079364,1994.3095603449697,9.968767693787509,False
64,219,5.93607305936073,90.41095890410958,2006.3909777320462,10.20897445734775,False
65,219,4.10958904109589,89.49771689497716,2006.1153083679978,10.313953994992113,False
66,188,6.382978723404255,89.8936170212766,2001.3840059083122,10.285727366469043,False
67,213,5.164319248826291,90.14084507042254,1990.0241186510973,9.970269814494047,False
68,194,6.185567010309279,88.65979381443299,2023.417419981539,10.204489775918722,False
69,180,6.666666666666667,87.22222222222223,1988.875401473149,10.195687675928138,False
70,194,3.0927835051546393,92.26804123711341,2012.0794368250995,10.116099075287009,False
71,213,4.694835680751173,84.50704225352112,2014.9732534058164,9.84558067436144,False
72,205,1.4634146341463417,88.29268292682927,2030.1112144613749,10.063089555622033,False
73,233,4.291845493562231,90.12875536480686,2031.5025234885159,9.997046170550105,True
74,204,4.901960784313726,93.62745098039215,2001.431539224845,10.00298686809055,False
75,215,6.046511627906977,88.83720930232558,2008.695306905503,9.97345401803586,False
76,219,6.8493150684931505,88.12785388127854,2016.783954907599,10.22530744979957,False
77,223,4.484304932735426,89.68609865470853,1992.8067088866835,10.08168949555527,False
78,218,5.963302752293578,89.90825688073394,2022.2352798659108,10.342853834793814,False
79,218,6.422018348623854,88.53211009174312,1997.1136275236956,10.058025716483835,False
80,217,4.147465437788019,89.86175115207374,2007.944304243035,9.971130455367462,False
81,191,4.712041884816754,85.34031413612566,2019.3045309560875,10.155213985019053,False
82,198,5.05050505050505,84.34343434343434,2009.076229255332,10.21688658884938,False
83,219,3.65296803652968,88.58447488584474,2000.527951552361,10.14706698624324,False
84,207,3.864734299516908,93.23671497584542,1993.462292826244,10.19081158782821,False
85,199,5.527638190954774,89.44723618090453,1998.8924944882197,10.135785856445546,False
86,226,3.0973451327433628,92.92035398230088,2011.6191977289336,10.13082455908992,False
87,207,2.898550724637681,90.33816425120773,2011.021042815275,9.970107100333031,False
88,192,6.25,90.10416666666666,2044.1938399448084,10.05349475034434,False
89,208,5.769230769230769,92.3076923076923,1999.5982859089777,10.067812965145672,False
90,212,6.132075471698113,89.62264150943396,2022.023132814875,10.087655056288687,True
91,177,3.954802259887006,86.4406779661017,2029.4952237744287,10.024504666206521,False
92,196,8.673469387755102,89.28571428571429,1999.7313536092724,9.974206365848746,False
93,213,12.206572769953052,90.61032863849765,2045.2157074660581,9.967103404595429,True
94,188,4.787234042553192,92.5531914893617,2014.2325596432922,10.401833856448341,False
95,219,6.392694063926941,90.41095890410958,2028.2161838458699,10.013801456073487,False
96,211,6.6350710900473935,88.62559241706161,1991.6293045760701,10.211240259520528,False
97,225,6.222222222222222,92.0,2000.7585143809185,9.917317193931277,False
98,197,3.0456852791878175,89.84771573604061,1983.0062349041857,10.13734005702847,False
99,200,4.5,87.5,2007.1037504464161,10.05062265185073,False
100,210,7.6190476190476195,89.04761904761904,2004.0727289775928,10.184128509634995,False
101,206,5.825242718446602,90.29126213592234,2017.4966124152918,10.134890634890843,False
102,199,5.527638190954774,90.45226130653266,2018.3999449632495,10.034559511133768,False
103,196,3.061224489795918,89.79591836734694,2026.9517024236065,10.051238447165359,False
104,195,4.102564102564102,94.87179487179486,2012.562032598277,9.909031524464442,False
105,191,5.7591623036649215,88.48167539267016,1970.7369698403807,10.185531455043812,False
106,200,5.5,92.0,1999.9739351770695,10.100931371140335,True
107,206,6.310679611650485,91.74757281553399,2001.5153381818745,10.30367282088551,False
108,190,3.684210526315789,90.0,1981.6618439766835,9.845861247220302,False
109,194,3.608247422680412,86.5979381443299,2001.823391752482,10.197003373583755,False
110,188,3.1914893617021276,90.95744680851064,2019.4398363740568,10.097327430836685,False
111,213,5.164319248826291,93.42723004694837,2034.244036506236,9.910577267430208,False
112,189,5.82010582010582,88.35978835978835,1987.929865595023,10.221225780155944,False
113,197,5.583756345177665,88.83248730964468,2012.0342031155817,10.021736719721225,False
114,234,4.700854700854701,89.31623931623932,2006.0082878077985,10.109656562954116,False
115,210,5.714285714285714,91.42857142857143,2038.6925388469506,10.308179371516468,False
116,219,4.10958904109589,93.15068493150685,2015.6597681606856,9.914986688689673,False
117,182,2.197802197802198,90.10989010989012,2010.7959273362565,9.983678668398356,False
118,204,4.901960784313726,88.23529411764706,2027.9550706841912,10.211010734093046,False
119,204,4.411764705882353,92.64705882352942,2013.7728546323801,10.280603651945862,False
120,183,4.918032786885246,86.33879781420765,1978.9179605558802,9.991738164567819,False
121,199,4.0201005025125625,84.92462311557789,1997.9994376967086,10.160600021135187,False
122,194,2.5773195876288657,92.26804123711341,2010.495534670188,10.145767657203686,False
123,200,4.5,91.0,2020.8100277786125,10.136266130171066,False
124,212,8.018867924528301,93.39622641509435,1965.9616210337485,10.272791751646643,False
125,179,3.35195530726257,91.62011173184358,1986.2077487887602,10.109103722783322,False
126,209,3.349282296650718,89.47368421052632,2023.1516477612229,10.129300828123387,False
127,201,4.975124378109453,93.53233830845771,2009.8371001676028,10.126757336874423,False
128,204,7.8431372549019605,92.15686274509804,2019.2107670906219,10.293090285894865,False
129,199,5.527638190954774,86.93467336683418,2010.110674485979,9.968884001947934,False
130,191,4.712041884816754,92.14659685863874,1999.478193621656,10.238463019423333,False
131,180,6.666666666666667,91.66666666666666,2003.205263741905,10.030644685583296,True
132,219,4.5662100456621,90.8675799086758,2008.5971155083153,10.260385409474269,False
133,200,7.5,91.5,2027.2743024370177,10.371423689163288,False
134,197,6.091370558375635,91.87817258883248,2001.4305151384567,9.960962919339766,False
135,213,5.633802816901409,93.42723004694837,2029.4252708082756,10.15337965938517,False
136,188,6.914893617021277,89.8936170212766,2005.4131598426757,10.164613178472571,False
137,193,4.66321243523316,90.15544041450777,2016.8511873587902,9.991753174379257,False
138,194,4.123711340206185,86.08247422680412,1980.131666485668,10.119006052341524,False
139,215,3.7209302325581395,85.5813953488372,2014.555662548104,10.037071379421453,False
140,207,6.763285024154589,91.78743961352657,1998.7283408555693,10.302297216625055,False
141,214,6.074766355140187,88.78504672897196,2012.8926836484854,10.049580099961762,False
142,236,3.8135593220338984,86.4406779661017,1994.5446293278449,10.118458721808006,False
143,188,3.1914893617021276,89.36170212765957,2002.5181311197025,9.908867971140568,False
144,201,5.472636815920398,92.53731343283582,1992.4441174026524,10.119198991868023,False
145,207,4.830917874396135,87.92270531400966,2006.2323470926685,10.177540934776237,False
146,187,6.951871657754011,89.83957219251337,2016.9517118853737,9.997158700330033,False
147,181,6.077348066298343,92.81767955801105,2001.1085424995383,10.067062810981904,False
148,173,4.624277456647398,90.17341040462428,1996.5699816902709,10.129215841313956,False
149,209,2.8708133971291865,88.03827751196172,2008.1095161164903,9.905008555435167,False
150,204,5.392156862745098,88.72549019607843,2013.0074341135687,10.223093659137989,False
151,206,4.854368932038835,89.80582524271846,2006.980706707054,9.983093622400185,False
152,193,3.6269430051813467,88.60103626943005,2045.0599175424336,10.37716306690966,False
153,198,6.0606060606060606,91.41414141414141,2005.7829815163088,10.28477823681506,False
154,206,8.25242718446602,91.2621359223301,2027.6353217434837,10.180211200313561,False
155,206,5.339805825242718,94.1747572815534,2026.959072493311,9.983384744004512,False
156,164,7.926829268292683,89.02439024390245,2013.5147230998964,10.097391210007082,False
157,191,5.7591623036649215,89.00523560209425,2019.9337260036386,10.165274286609925,False
158,221,4.072398190045249,92.3076923076923,1992.8226379047412,10.011281934167656,False
159,211,5.213270142180095,90.52132701421802,2020.8883302842773,10.05679408242641,False
160,212,6.132075471698113,89.15094339622641,2012.8197669819338,10.082379410323554,False
161,217,4.6082949308755765,94.00921658986175,2016.654814660927,10.309960617580252,False
162,212,5.188679245283019,89.62264150943396,2003.5402529415517,9.929934297414789,False
163,190,3.1578947368421053,93.15789473684211,1997.9093116464794,10.043694797295048,False
164,177,7.909604519774012,90.3954802259887,2000.8919828495305,10.020965101230217,False
165,194,6.185567010309279,89.17525773195877,1989.6018016489488,10.173303329720275,False
166,210,4.761904761904762,88.57142857142857,2021.4667848318902,10.209810989252755,False
167,191,4.18848167539267,87.43455497382199,2021.666847414725,10.149405768353454,False
168,228,4.385964912280701,87.28070175438597,2018.6859342300402,10.087168556541432,False
169,211,2.843601895734597,90.52132701421802,2031.7583207114765,10.143833540148355,False
170,176,3.4090909090909087,93.18181818181817,1992.8754506526327,9.908599250804171,False
171,189,3.7037037037037033,92.5925925925926,1994.8242756172494,10.189800600548573,False
172,214,5.607476635514018,88.78504672897196,1998.9222885639983,10.161227227645044,False
173,229,4.366812227074235,89.95633187772926,2016.2956158358088,10.1927843423712,False
174,186,2.1505376344086025,86.55913978494624,2026.2729531961718,9.929271190464863,False
175,209,3.349282296650718,91.38755980861244,2004.1862410084316,10.11098194093471,False
176,220,7.2727272727272725,85.9090909090909,2022.7658267224547,10.180141981231317,False
177,210,5.238095238095238,91.9047619047619,2003.9045593490457,10.057812125275861,True
178,186,6.451612903225806,87.09677419354838,1981.7318647092748,10.150860039745263,False
179,199,5.527638190954774,93.46733668341709,2028.1390010018129,9.97308303970945,True
180,205,6.829268292682928,91.70731707317074,2005.6604613264394,10.334234167118812,False
181,171,5.263157894736842,92.39766081871345,1995.417160242444,9.974718009329914,False
182,193,8.808290155440414,90.67357512953367,2013.7577839791893,10.31591477212331,True
183,202,4.9504950495049505,91.58415841584159,2017.3009410894915,10.160221668809502,False
184,188,5.851063829787234,86.17021276595744,1998.7955553518748,10.04119939582244,False
185,232,8.189655172413794,90.51724137931035,2017.7426865821394,10.38633644505048,False
186,221,3.619909502262444,92.3076923076923,2005.0079886780075,10.3550417551467,False
187,190,3.684210526315789,86.8421052631579,1983.3279339652788,10.077198452330656,False
188,239,5.857740585774058,87.02928870292888,2012.6689883666904,10.102737497888304,False
189,232,5.172413793103448,88.36206896551724,2027.8747623154877,10.208912607737526,False
190,218,5.045871559633028,89.90825688073394,2006.4400841396698,10.100052204432945,False
191,180,5.555555555555555,88.33333333333333,2007.7872757037585,10.12270291490674,False
192,208,7.211538461538461,91.34615384615384,2014.0007892046679,10.173196316304098,False
193,207,7.246376811594203,87.92270531400966,2019.4820302179965,10.214608995833219,False
194,201,7.462686567164178,91.04477611940298,2026.9021686584088,10.052221856814752,False
195,158,4.430379746835443,90.50632911392405,2010.9714023222623,10.062758138924108,False
196,215,3.7209302325581395,87.90697674418605,2023.5803320357375,10.031286736060371,False
197,188,6.382978723404255,86.17021276595744,1993.2786897169083,10.162561903254064,False
198,181,1.6574585635359116,88.39779005524862,2004.0463170342707,9.855016682510174,False
199,196,3.061224489795918,89.79591836734694,1996.8834498600916,10.059750763097284,False
200,204,3.431372549019608,89.70588235294117,2024.8701546126838,10.14661743007527,False
201,201,5.472636815920398,92.03980099502488,2003.8762531258715,10.215196065972075,False
202,216,6.018518518518518,91.20370370370371,2031.9712315551249,10.375968750484084,False
203,197,1.5228426395939088,86.80203045685279,2035.905451482791,10.224049834264259,False
204,192,4.6875,91.66666666666666,2021.2838008604533,10.045199567752869,False
205,177,2.824858757062147,90.96045197740112,2019.257431925993,10.067970376646764,False
206,182,4.945054945054945,87.91208791208791,2048.080116478923,10.05986733107686,False
207,214,3.2710280373831773,89.25233644859813,2012.3109336701702,10.01350552803655,False
208,216,5.555555555555555,90.74074074074075,2002.9755002578265,9.997719681956566,False
209,199,4.522613065326634,89.9497487437186,2011.4649703390862,10.35364345541513,False
210,174,4.022988505747127,89.08045977011494,2006.0760286414459,10.229994320015678,False
211,195,6.666666666666667,91.28205128205128,1999.1457121116885,10.145902505566433,False
212,206,3.3980582524271843,90.77669902912622,2029.9251307951986,10.039401475982995,False
213,190,7.894736842105263,88.94736842105263,2006.9156050598058,10.136188608975132,False
214,219,4.5662100456621,88.12785388127854,2009.6511490694108,10.106670694316787,False
215,212,1.8867924528301887,89.62264150943396,2005.9953324463652,10.01250649923092,False
216,200,5.5,92.5,2002.5006372316757,10.116284332392478,False
217,197,4.568527918781726,87.81725888324873,1996.1977871630652,9.988258815266658,False
218,188,1.0638297872340425,90.42553191489363,2009.7636359525854,9.757310785253988,False
219,189,5.82010582010582,94.70899470899471,2009.5532249511264,10.172125508642438,False
220,202,4.9504950495049505,93.56435643564357,1994.4601610616162,10.200649403167331,False
221,218,4.128440366972478,87.1559633027523,1998.2124994796939,10.156605249870767,False
222,220,8.181818181818182,88.18181818181819,2020.7799836321635,10.361346351937595,False
223,184,4.3478260869565215,89.67391304347827,1977.723005111034,10.171332308629326,False
224,195,4.615384615384616,92.3076923076923,2002.2054336742217,10.201249729514076,False
225,182,2.7472527472527473,86.81318681318682,2000.6776406348436,10.053004426472171,False
226,168,4.166666666666666,88.69047619047619,1996.1308368589855,9.896839382366277,False
227,174,4.022988505747127,94.82758620689656,2016.4834640639524,10.095738671608311,False
228,193,5.181347150259067,90.67357512953367,2005.621693653167,10.157570227457951,False
229,233,6.008583690987124,88.8412017167382,2013.8125618853405,10.203379374729973,False
230,194,5.154639175257731,90.20618556701031,2005.1521963491173,9.778344132914862,False
231,199,6.532663316582915,91.4572864321608,2012.1210255015546,10.011000896685973,False
232,197,3.5532994923857872,88.83248730964468,2011.0952128169956,9.932335806215786,False
233,220,6.363636363636363,91.81818181818183,2015.1446203562873,10.058340447927426,False
234,209,7.177033492822966,87.08133971291866,2020.16199983928,10.426484687669682,False
235,249,5.220883534136546,91.56626506024097,2003.6663321359492,10.076836347877956,False
236,193,6.7357512953367875,88.08290155440415,2008.70238107972,9.949178991893708,False
237,203,5.911330049261084,90.14778325123153,2010.1930805480374,10.16839314891294,False
238,218,3.211009174311927,90.36697247706422,2024.231443881485,9.806160881538538,False
239,199,6.030150753768844,92.46231155778895,2001.2567955115278,10.178405473935623,False
240,181,2.7624309392265194,92.81767955801105,2025.7756506859123,9.99245124818161,False
241,193,5.699481865284974,87.56476683937824,2034.2694499322836,10.012644906612705,False
242,194,7.216494845360824,90.20618556701031,1998.2944807379872,10.242304889784686,False
243,191,5.2356020942408374,91.62303664921467,2040.0289226609016,10.120502369694142,False
244,197,5.0761421319796955,90.86294416243655,2016.3104568134145,10.28261053284638,False
245,176,5.113636363636364,92.04545454545455,1989.6423742323807,10.140901028080473,False
246,203,7.389162561576355,88.66995073891626,2008.9479213049601,10.297215542845569,False
247,185,4.324324324324325,89.72972972972974,1993.9115776338429,9.99130680056791,False
248,184,8.695652173913043,92.3913043478261,2021.7487116564955,10.198035080557249,False
249,215,4.651162790697675,87.44186046511628,2005.5096554338622,10.130786509105665,False
250,204,5.392156862745098,89.2156862745098,1991.3286436192689,10.187618961224393,False
251,181,6.077348066298343,92.81767955801105,2027.381629706569,10.075479785066873,False
252,176,6.8181818181818175,89.77272727272727,2013.1688535841806,10.010198338550543,True
253,211,5.213270142180095,87.67772511848341,2026.7802381733181,10.097768418497415,False
254,222,3.6036036036036037,90.09009009009009,2006.8362470355662,10.206701584952528,False
255,188,5.319148936170213,92.02127659574468,2020.5014509928517,10.1949481187166,False
256,218,5.963302752293578,90.82568807339449,2035.1176707857387,10.279564162421147,False
257,187,4.27807486631016,89.83957219251337,2009.8507791013594,10.189396199821267,False
258,211,3.7914691943127963,90.99526066350711,2025.7743157531343,9.773149100787807,False
259,222,2.7027027027027026,87.38738738738738,2009.1067879829989,10.117071465872305,False
260,196,2.0408163265306123,87.75510204081633,1998.8327996119392,10.08389368207357,False
261,230,5.217391304347826,90.0,2024.9610430974692,10.085471238138354,False
262,209,5.263157894736842,91.86602870813397,2005.1995605296902,10.108576042200514,False
263,193,3.6269430051813467,87.56476683937824,2011.01913940087,10.14818563664579,False
264,204,6.372549019607843,90.19607843137256,2017.8042987038355,10.080484543002965,False
265,199,5.025125628140704,90.45226130653266,2001.3800308393115,10.256124134582794,False
266,238,4.621848739495799,89.49579831932773,2016.6556740985077,10.234527027800668,False
267,222,5.405405405405405,90.990990990991,2006.4575211337083,10.096673580350599,False
268,205,4.390243902439024,87.8048780487805,2024.9897305657928,9.9362491765072,False
269,185,5.405405405405405,91.35135135135135,2018.8181925585343,10.106798171318585,False
270,213,2.8169014084507045,91.07981220657277,1986.8251633892312,9.884379804478105,False
271,201,6.467661691542288,90.04975124378109,2019.9545600714794,10.052757457261093,False
272,197,6.091370558375635,92.89340101522842,2012.6468834691284,10.18226441712606,False
273,196,5.612244897959184,87.75510204081633,2022.1579829849884,10.146898187040911,False
274,196,5.1020408163265305,92.85714285714286,1993.7976637980908,10.098174462206105,False
275,209,4.784688995215311,86.60287081339713,2043.0648629896095,10.364649042464205,False
276,196,6.122448979591836,89.28571428571429,2012.4181523349075,10.00427691317945,True
277,206,5.825242718446602,87.37864077669903,1999.9038987300617,10.224458163572235,False
278,219,5.47945205479452,93.15068493150685,2022.3123202500924,10.128534749391436,False
279,169,4.142011834319527,83.4319526627219,2032.9667574359135,10.021605800267919,False
280,223,4.484304932735426,89.68609865470853,1980.044383528112,9.977425656964822,False
281,206,5.825242718446602,89.80582524271846,2013.3575952553995,10.290518800589563,False
282,227,3.9647577092511015,88.98678414096916,2018.736958739196,10.056287538280127,False
283,178,3.932584269662921,87.07865168539325,2023.4475516794828,10.009547454952596,False
284,223,7.174887892376682,90.13452914798206,2023.3720214870007,10.283985601722142,False
285,192,3.6458333333333335,90.10416666666666,2002.6192903194024,9.98476484062981,False
286,189,6.878306878306878,89.41798941798942,2040.5875815475777,10.101706159701887,False
287,183,3.825136612021858,89.07103825136612,1975.6057564767796,10.167608768189673,False
288,215,8.837209302325581,92.09302325581396,2015.5712734366696,10.313404054800614,False
289,206,1.4563106796116505,92.71844660194175,2015.95783574725,10.04778013095076,False
290,213,6.103286384976526,88.73239436619718,2004.5712198797598,10.106404865891784,False
291,186,5.376344086021505,90.32258064516128,2024.0444173827696,10.19220644307411,False
292,199,3.5175879396984926,86.93467336683418,1992.4376520058565,10.024608323143518,False
293,197,5.583756345177665,86.29441624365482,2009.6647914931623,10.073723197156227,False
294,222,4.504504504504505,88.73873873873875,2005.865090086753,9.998050128504245,False
295,192,5.208333333333334,92.1875,1986.017068691983,9.956377244123415,False
296,186,4.838709677419355,88.70967741935483,1981.0851684985785,10.145326585932903,False
297,204,5.392156862745098,89.70588235294117,2018.170335825008,9.988341317034577,False
298,169,4.142011834319527,91.71597633136095,2002.2736338223456,9.97788694854831,False
299,193,5.181347150259067,88.60103626943005,2004.2845835302005,10.110735586197682,False
300,225,5.333333333333334,91.11111111111111,1980.5933027467122,10.019707750959642,False
301,197,6.598984771573605,90.86294416243655,2016.6659696090207,10.136809184873243,False
302,192,3.6458333333333335,88.54166666666666,2014.8370696586983,10.004964651937495,False
303,192,3.125,90.625,1992.379605259399,10.024702816434845,False
304,185,3.2432432432432434,91.35135135135135,2002.417176538542,10.033967334985466,False
305,212,4.716981132075472,89.62264150943396,2023.509927835718,9.978400758461927,False
306,204,4.411764705882353,87.25490196078431,2007.8652522945206,10.178063195360348,False
307,181,7.18232044198895,88.95027624309392,2023.1425747090518,10.232018499856272,False
308,197,3.5532994923857872,89.34010152284264,1991.374198178825,10.050498343741813,False
309,200,8.0,90.0,2040.0621199230777,10.34673162187077,False
310,189,4.232804232804233,92.5925925925926,2003.4571649003774,10.043711062705986,False
311,193,3.6269430051813467,92.2279792746114,2028.2407789450915,10.27799163910882,False
312,204,5.392156862745098,87.74509803921569,2005.2614130978693,10.223850124212891,False
313,206,2.912621359223301,89.80582524271846,2006.9281278904039,10.2446821361612,False
314,201,6.965174129353234,92.53731343283582,2017.349318626884,9.994585197997768,True
315,224,8.928571428571429,90.625,2027.560515895379,10.114171531020544,True
316,215,5.5813953488372094,91.16279069767442,2011.076542097906,10.171180480295549,False
317,206,7.281553398058252,91.74757281553399,2009.0775526789635,10.124947286188192,False
318,164,3.6585365853658534,87.1951219512195,2012.6562228732514,9.86281143995451,False
319,194,6.185567010309279,93.29896907216495,2007.1623120600957,10.316185309655685,False
320,185,3.2432432432432434,90.81081081081082,1992.5775785466974,10.011590056135107,False
321,202,6.9306930693069315,91.58415841584159,1993.6598621030164,10.254595508949643,False
322,200,8.0,90.0,2000.8250164461103,10.116940738662501,False
323,203,7.8817733990147785,86.69950738916256,2022.1886217920771,10.130408447646476,False
324,219,2.28310502283105,91.32420091324201,1993.4506651443032,9.954411745695788,False
325,197,5.0761421319796955,88.83248730964468,2012.1045259021319,9.963107283480504,False
326,212,3.7735849056603774,89.15094339622641,2033.0498144866528,10.047669695687535,False
327,188,3.1914893617021276,89.36170212765957,2013.9974537613716,10.102160443291247,False
328,178,1.6853932584269662,93.25842696629213,2013.2701044215407,10.102358421577458,False
329,166,4.819277108433735,90.96385542168674,1991.3179689704202,10.223726090408208,False
330,184,4.891304347826087,83.15217391304348,2014.666391626796,9.8899642794768,False
331,186,3.763440860215054,90.86021505376344,2003.9584579192529,10.001650536318067,False
332,211,4.739336492890995,91.9431279620853,1992.002671324506,10.135567173403958,False
333,185,5.9459459459459465,88.64864864864866,2000.382878980862,10.02127755908444,False
334,203,5.911330049261084,88.17733990147784,1983.8525489549108,10.079716929082343,False
335,193,2.072538860103627,91.19170984455958,2024.9248795279555,10.178227380518804,False
336,184,4.891304347826087,91.30434782608695,2009.191338524447,10.0244758184565,False
337,230,3.91304347826087,89.56521739130436,1996.2477660251502,10.104942536876475,False
338,186,2.6881720430107525,93.01075268817203,1991.9010812539018,10.049195641502054,False
339,204,4.411764705882353,91.17647058823529,2010.7004010473872,10.260464858851288,False
340,180,4.444444444444445,90.0,1985.2023648635661,10.043854887927056,False
341,198,4.040404040404041,91.41414141414141,2025.2280285655713,10.086540640274047,False
342,185,7.027027027027027,89.72972972972974,2003.1899428751483,10.116386905885195,False
343,196,4.081632653061225,89.28571428571429,2014.7783646376822,9.90888236355063,False
344,184,4.891304347826087,88.58695652173914,2008.1995645708414,9.931039591236589,False
345,197,5.0761421319796955,86.80203045685279,2001.1005037518435,9.994175772499705,False
346,208,6.25,90.86538461538461,1997.3320466747375,10.0054193897063,False
347,206,2.912621359223301,90.77669902912622,1993.7167492235692,9.906781866917578,False
348,201,4.975124378109453,92.53731343283582,2012.021772285795,10.155616072910284,False
349,184,7.065217391304348,91.84782608695652,2003.0680973850128,9.875945931311241,False
350,213,4.694835680751173,90.61032863849765,2022.74050283051,10.193853216060987,False
351,191,5.7591623036649215,90.57591623036649,2021.0664643511361,10.22745433346734,False
352,215,2.7906976744186047,91.62790697674419,2028.8793020131136,10.274390046564395,False
353,191,5.7591623036649215,92.14659685863874,2002.7060228195057,10.063521295434056,False
354,187,5.88235294117647,89.83957219251337,1997.9911014046097,9.998563802233056,False
355,183,2.185792349726776,90.7103825136612,1988.095886321351,10.234648117014109,False
356,233,2.1459227467811157,91.84549356223177,1991.9013431778621,10.020377659798578,False
357,196,5.1020408163265305,90.81632653061224,2016.676552071013,10.19470870482414,False
358,214,6.074766355140187,89.7196261682243,2042.2461504486146,10.201482387617359,False
359,197,4.060913705583756,86.80203045685279,2004.9242407061336,10.139137109783842,False
360,206,9.223300970873787,89.32038834951457,2006.5626618513386,10.140809427249316,False
361,200,6.0,92.0,2011.5095036014893,10.07561169455606,False
362,214,2.803738317757009,89.25233644859813,2019.1983433382231,10.137667963019249,False
363,196,4.591836734693878,92.85714285714286,2014.0991141802037,10.472398672472481,False
364,194,3.608247422680412,91.75257731958763,2033.3223229190587,10.246248985554734,True
365,196,6.63265306122449,87.75510204081633,2021.3175940978358,10.206535355782643,False
366,184,3.260869565217391,90.21739130434783,1994.2938463833596,10.14190145721682,False
367,195,7.179487179487179,90.25641025641026,1997.1794592471906,10.107721978527469,False
368,215,6.511627906976744,89.76744186046511,2022.7753172750638,9.962581054708034,False
369,210,5.714285714285714,92.38095238095238,2014.6116670084766,10.1804223117036,False
370,218,6.8807339449541285,88.07339449541286,2005.8610822777273,9.938013439997633,False
371,182,3.296703296703297,91.20879120879121,2029.624817169612,9.921981733001937,False
372,205,3.902439024390244,91.70731707317074,2010.2191801296533,10.014254431623112,False
373,196,6.122448979591836,91.3265306122449,2010.7407868776422,9.923673390606892,False
374,207,6.763285024154589,91.78743961352657,2001.090364255913,9.989117257919418,False
375,219,6.8493150684931505,90.8675799086758,2023.025113520447,10.135398540457302,False
376,202,5.9405940594059405,90.5940594059406,2004.5949455402008,10.057668300655429,False
377,203,4.433497536945813,89.16256157635468,2023.0944074228696,10.044878007059232,False
378,169,5.9171597633136095,91.71597633136095,2008.1789724376802,10.205916765730338,False
379,211,6.6350710900473935,91.9431279620853,2005.0425610183902,10.378444816135003,False
380,200,4.0,92.5,2040.0649727179925,10.039199351130163,False
381,216,7.4074074074074066,89.35185185185185,2017.2730246701003,10.041255538961456,False
382,187,3.7433155080213902,86.63101604278076,2019.2619299717749,10.009425408816915,False
383,177,3.389830508474576,84.18079096045197,1972.040140542526,9.97326294456099,False
384,205,5.853658536585367,90.73170731707317,2007.8202849739016,10.097803584930553,False
385,202,4.9504950495049505,85.14851485148515,1994.8503919213972,10.072606691926179,False
386,196,6.63265306122449,88.77551020408163,2003.7829782911947,10.04988322606567,False
387,182,8.241758241758241,89.01098901098901,1991.80553085715,9.991021666680725,False
388,187,6.417112299465241,89.83957219251337,2008.5044819486288,10.242448279527908,False
389,209,6.220095693779904,90.9090909090909,2006.0963116756104,10.108499970595648,False
390,206,5.339805825242718,88.83495145631069,2011.4159633261222,10.109895511219328,False
391,188,4.787234042553192,89.8936170212766,2008.4743456431872,10.140693919882132,True
392,195,4.102564102564102,86.66666666666667,2028.2529605292748,10.415596882555498,False
393,201,7.462686567164178,89.55223880597015,2001.7154884867948,10.235036307188546,False
394,202,2.4752475247524752,90.0990099009901,2016.642714639692,10.041954065027648,False
395,223,6.726457399103139,91.4798206278027,2021.6078484688949,10.042573320855826,False
396,204,6.862745098039216,88.72549019607843,2005.5191315019117,10.237273244638974,False
397,197,5.0761421319796955,85.27918781725889,1993.0600411009934,10.10180203398024,False
398,207,5.797101449275362,91.30434782608695,2010.947906178918,9.923110055552787,False
399,202,3.4653465346534658,86.13861386138613,1980.0471891492282,10.169153800947184,False
400,214,5.14018691588785,92.99065420560748,2021.627566341067,9.836034787293446,False
401,200,3.0,92.5,2000.1522151659717,9.981820634252662,False
402,202,6.9306930693069315,90.5940594059406,2004.627430731972,10.195096414606413,False
403,225,7.111111111111111,89.77777777777777,2011.8127842584768,10.05348919580515,False
404,211,4.265402843601896,92.89099526066352,2017.4037260584646,10.317052554330466,False
405,212,4.716981132075472,89.15094339622641,1998.3159560963313,10.072972164790642,False
406,206,8.25242718446602,88.3495145631068,2025.4859501564038,10.128602206933337,False
407,178,6.741573033707865,90.4494382022472,2014.3585912300832,10.398005465750934,False
408,206,6.310679611650485,89.80582524271846,1993.3038262810123,10.224233523294977,False
409,210,8.571428571428571,91.9047619047619,2032.4389137402572,10.127317018615997,False
410,201,7.960199004975125,91.04477611940298,2019.1939373824118,9.805686433288294,True
411,178,4.49438202247191,88.76404494382022,1995.0392916594099,10.121838412707602,False
412,198,8.080808080808081,89.39393939393939,2016.5615280193,10.04903107166625,False
413,188,3.723404255319149,87.7659574468085,2005.7617698823967,9.96192409215372,False
414,196,2.0408163265306123,92.85714285714286,2018.7038214636161,10.18060688731248,False
415,194,7.731958762886598,85.56701030927834,1985.9311959072927,10.095733538446815,False
416,194,5.670103092783505,86.08247422680412,2028.8795941801227,10.100297092581718,False
417,174,2.8735632183908044,87.93103448275862,2021.4797312791782,10.120767132915647,False
418,186,6.451612903225806,90.32258064516128,2021.128824286803,9.939271453160522,True
419,220,6.363636363636363,88.63636363636364,2025.1188151132892,10.288744306484908,False
420,203,7.389162561576355,90.14778325123153,2020.4924129743408,10.187524224372453,False
421,198,4.040404040404041,89.39393939393939,2005.2438754202356,10.071148031696955,False
422,221,4.072398190045249,93.21266968325791,2017.8471181170135,10.27591208245885,False
423,210,5.714285714285714,89.52380952380953,2025.9047356134756,10.164568747343823,False
424,208,5.288461538461538,90.38461538461539,2025.5550939564614,9.962712621712392,False
425,189,2.6455026455026456,89.94708994708994,2006.4758394840799,9.890264204019804,False
426,213,7.981220657276995,88.26291079812206,2026.861569268664,10.235588471593083,False
427,209,5.741626794258373,90.9090909090909,2019.7666107212503,10.132088938153563,False
428,218,3.669724770642202,92.20183486238533,1998.9965773613415,10.123082550110274,False
429,186,7.526881720430108,91.39784946236558,2024.394192075022,10.059986184389265,False
430,181,2.209944751381215,92.26519337016575,1990.2277160140106,10.036800437072365,False
431,228,5.701754385964912,90.35087719298247,2001.1000286644253,10.154673871255877,False
432,181,4.972375690607735,93.37016574585635,2029.8370235196019,10.090172576107078,False
433,205,3.902439024390244,89.75609756097562,1989.8612507789915,9.87790801133041,False
434,172,5.813953488372093,88.95348837209302,2035.2096273235968,10.161837369127973,False
435,174,4.022988505747127,91.95402298850574,2020.1132199223523,10.029793577718348,False
436,186,3.225806451612903,90.86021505376344,2022.1709954978887,9.963884843426001,False
437,191,6.806282722513089,89.52879581151832,2003.6082488956977,10.280774773618923,False
438,191,6.282722513089005,90.0523560209424,2006.2395006073516,10.34740120680611,False
439,205,5.853658536585367,92.6829268292683,2007.0876303794498,10.099173509685594,False
440,175,5.142857142857142,90.28571428571428,1995.2670642915245,10.136887033132744,False
441,196,3.061224489795918,93.36734693877551,2011.5527226125178,10.204310144258839,False
442,202,3.4653465346534658,88.11881188118812,2013.9007302245097,10.151243956516163,False
443,223,2.242152466367713,91.03139013452915,1995.4215876521018,10.156614769085767,False
444,217,2.7649769585253456,90.78341013824884,1997.42551547407,10.012917520366718,False
445,210,6.666666666666667,92.38095238095238,2014.987868137526,10.053810512387695,False
446,182,3.8461538461538463,90.65934065934066,2020.6230735323988,10.117454976249975,False
447,188,4.787234042553192,88.29787234042553,2023.2470348018567,10.24070880314095,False
448,209,5.741626794258373,88.99521531100478,2001.43927794232,10.222368589364626,False
449,207,4.830917874396135,90.82125603864735,2031.3502968770006,9.896968677958931,False
450,185,3.783783783783784,88.64864864864866,2012.6486840157033,10.196280309316986,False
451,185,6.486486486486487,88.10810810810811,1980.5038791334473,9.925543440388612,False
452,212,5.660377358490567,90.56603773584906,2004.5754887385938,10.114230521037333,False
453,171,7.017543859649122,90.64327485380117,2007.2719063566396,10.339936730460286,False
454,181,1.1049723756906076,87.84530386740332,2006.5338426202643,10.192020272886735,False
455,210,5.714285714285714,91.42857142857143,2017.9155229921007,10.159234984011364,False
456,197,5.0761421319796955,90.86294416243655,2016.5526727258596,10.047002813766518,False
457,202,3.9603960396039604,88.11881188118812,2000.368154868033,10.16509867619617,False
458,210,8.571428571428571,90.95238095238095,1997.371225441887,10.341917458782525,False
459,189,6.349206349206349,93.12169312169311,2028.5539380095288,10.17651309907676,False
460,203,5.911330049261084,88.17733990147784,2028.9259675025332,10.155151693111739,False
461,220,4.090909090909091,89.54545454545455,2013.0497180014866,10.089227216504208,False
462,205,4.390243902439024,89.26829268292683,2005.2956975923314,10.088570666778372,False
463,200,6.0,89.5,2009.0256443036362,9.88233871431034,False
464,213,5.164319248826291,92.01877934272301,2028.9620869461062,10.124503856950895,False
465,188,4.25531914893617,90.42553191489363,2005.1186614857818,10.103493474607586,False
466,183,3.278688524590164,91.2568306010929,2007.1657507112402,9.768371363447045,False
467,211,5.213270142180095,88.15165876777252,2000.0577344078742,10.230500822330214,False
468,201,3.9800995024875623,89.05472636815921,2033.5711357517196,10.14444474483,False
469,191,2.6178010471204187,87.95811518324608,2060.192876387418,10.279327762012146,False
470,207,8.695652173913043,88.88888888888889,2026.4091775216841,10.030430481200726,True
471,198,5.05050505050505,87.87878787878788,2013.7030684094395,10.220653029697898,False
472,194,7.731958762886598,92.26804123711341,2010.9889862434552,10.299961584571028,False
473,187,4.27807486631016,91.97860962566845,2007.1649487593213,10.11002301570394,False
474,195,5.641025641025641,87.17948717948718,1996.0698949978907,10.184265660832585,False
475,190,6.842105263157896,92.10526315789474,2003.551376611274,10.213989922347503,False
476,200,4.0,91.0,2011.1750608307648,10.186336417107979,False
477,211,2.3696682464454977,89.0995260663507,2004.4843136455838,10.206527358051028,False
478,219,5.47945205479452,90.41095890410958,2034.7908008481998,10.127952845583856,False
479,231,1.7316017316017316,92.20779220779221,1996.4837621041697,10.156978848342002,False
480,211,3.3175355450236967,90.04739336492891,1998.0520252726271,9.929547525276147,False
481,204,5.88235294117647,91.17647058823529,1990.5091975512541,10.124074278624507,False
482,193,7.253886010362693,89.11917098445595,2009.1481941283248,10.090426964689415,False
483,201,6.467661691542288,90.04975124378109,2028.8812033235029,10.103173906970893,False
484,203,3.4482758620689653,90.14778325123153,1989.9454080035946,10.227498906377855,False
485,201,2.4875621890547266,86.56716417910447,2026.7708186191683,9.82037155028888,False
486,175,6.2857142857142865,89.14285714285714,2004.216169713346,10.285794274967003,False
487,201,3.482587064676617,89.55223880597015,2009.5561986748112,9.89007298209602,False
488,196,3.061224489795918,88.26530612244898,1996.3025941622589,9.997617302779318,False
489,185,3.783783783783784,88.64864864864866,2007.7009068631694,9.933903564931159,False
490,197,4.568527918781726,88.3248730964467,2029.1691887531365,10.067177223210088,False
491,192,4.6875,87.5,1999.6649533349384,9.994933477577343,False
492,208,4.326923076923077,88.9423076923077,2007.0374672629512,9.91582521529211,False
493,201,5.472636815920398,89.55223880597015,2000.0543146709074,9.949927581920415,False
494,192,5.729166666666666,82.29166666666666,2008.6791791495282,10.165173041371162,False
495,209,6.698564593301436,89.95215311004785,2014.8130683605573,10.191009534002054,False
496,205,4.878048780487805,90.2439024390244,2038.7822243108258,10.12796030113304,False
497,183,3.278688524590164,90.1639344262295,2014.94397515582,10.036986883261804,False
498,184,5.978260869565218,88.58695652173914,2044.7278489415748,10.200761212440241,False
499,195,4.615384615384616,95.38461538461539,2025.9403509010438,9.962482421954796,False
